cycle,time_ns,i_in_real,v_mem_real,exp_vmem_real,exp_vmem_pre_real,spike,exp_spike,exc_delayed_real,inh_delayed_real
0,35.000000,0.000000,0.000000,0.000000,0.000000,0,0,0.000000,0.000000
0,45.000000,0.000000,0.000000,0.000000,0.000000,0,0,0.000000,0.000000
1,55.000000,0.000000,0.000000,0.000000,0.000000,0,0,0.000000,0.000000
2,65.000000,0.000000,0.000000,0.000000,0.000000,0,0,0.000000,0.000000
3,75.000000,0.000000,0.000000,0.000000,0.000000,0,0,0.000000,0.000000
4,85.000000,0.000000,0.000000,0.000000,0.000000,0,0,0.000000,0.000000
5,95.000000,0.000000,0.000000,0.000000,0.000000,0,0,0.000000,0.000000
6,105.000000,0.000000,0.000000,0.000000,0.000000,0,0,0.000000,0.000000
7,115.000000,0.000000,0.000000,0.000000,0.000000,0,0,0.000000,0.000000
8,125.000000,0.000000,0.000000,0.000000,0.000000,0,0,0.000000,0.000000
9,135.000000,0.000000,0.000000,0.000000,0.000000,0,0,0.000000,0.000000
10,145.000000,0.000000,0.000000,0.000000,0.000000,0,0,0.000000,0.000000
11,155.000000,0.000000,0.000000,0.000000,0.000000,0,0,0.000000,0.000000
12,165.000000,0.000000,0.000000,0.000000,0.000000,0,0,0.000000,0.000000
13,175.000000,0.000000,0.000000,0.000000,0.000000,0,0,0.000000,0.000000
14,185.000000,0.000000,0.000000,0.000000,0.000000,0,0,0.000000,0.000000
15,195.000000,0.449951,0.000000,0.000000,0.000000,0,0,0.449951,0.000000
16,205.000000,0.000000,0.449951,0.449951,0.449951,0,0,0.000000,0.000000
17,215.000000,0.000000,0.431885,0.431885,0.431885,0,0,0.000000,0.000000
18,225.000000,0.000000,0.414551,0.414551,0.414551,0,0,0.000000,0.000000
19,235.000000,0.000000,0.397949,0.397949,0.397949,0,0,0.000000,0.000000
20,245.000000,0.000000,0.381836,0.381836,0.381836,0,0,0.000000,0.000000
21,255.000000,0.000000,0.366455,0.366455,0.366455,0,0,0.000000,0.000000
22,265.000000,0.000000,0.351562,0.351562,0.351562,0,0,0.000000,0.000000
23,275.000000,0.000000,0.337402,0.337402,0.337402,0,0,0.000000,0.000000
24,285.000000,0.000000,0.323730,0.323730,0.323730,0,0,0.000000,0.000000
25,295.000000,0.000000,0.310547,0.310547,0.310547,0,0,0.000000,0.000000
26,305.000000,0.449951,0.298096,0.298096,0.298096,0,0,0.449951,0.000000
27,315.000000,0.000000,0.736084,0.736084,0.736084,0,0,0.000000,0.000000
28,325.000000,0.000000,0.706543,0.706543,0.706543,0,0,0.000000,0.000000
29,335.000000,0.000000,0.678223,0.678223,0.678223,0,0,0.000000,0.000000
30,345.000000,0.000000,0.650879,0.650879,0.650879,0,0,0.000000,0.000000
31,355.000000,0.000000,0.624756,0.624756,0.624756,0,0,0.000000,0.000000
32,365.000000,0.000000,0.599609,0.599609,0.599609,0,0,0.000000,0.000000
33,375.000000,0.000000,0.575439,0.575439,0.575439,0,0,0.000000,0.000000
34,385.000000,0.000000,0.552246,0.552246,0.552246,0,0,0.000000,0.000000
35,395.000000,0.000000,0.530029,0.530029,0.530029,0,0,0.000000,0.000000
36,405.000000,0.000000,0.508789,0.508789,0.508789,0,0,0.000000,0.000000
37,415.000000,0.000000,0.488281,0.488281,0.488281,0,0,0.000000,0.000000
38,425.000000,0.000000,0.468506,0.468506,0.468506,0,0,0.000000,0.000000
39,435.000000,0.000000,0.449707,0.449707,0.449707,0,0,0.000000,0.000000
40,445.000000,0.000000,0.431641,0.431641,0.431641,0,0,0.000000,0.000000
41,455.000000,0.000000,0.414307,0.414307,0.414307,0,0,0.000000,0.000000
42,465.000000,0.000000,0.397705,0.397705,0.397705,0,0,0.000000,0.000000
43,475.000000,0.000000,0.381592,0.381592,0.381592,0,0,0.000000,0.000000
44,485.000000,0.449951,0.366211,0.366211,0.366211,0,0,0.449951,0.000000
45,495.000000,0.000000,0.801270,0.801270,0.801270,0,0,0.000000,0.000000
46,505.000000,0.000000,0.769043,0.769043,0.769043,0,0,0.000000,0.000000
47,515.000000,0.000000,0.738037,0.738037,0.738037,0,0,0.000000,0.000000
48,525.000000,0.000000,0.708252,0.708252,0.708252,0,0,0.000000,0.000000
49,535.000000,0.000000,0.679688,0.679688,0.679688,0,0,0.000000,0.000000
50,545.000000,0.000000,0.652344,0.652344,0.652344,0,0,0.000000,0.000000
51,555.000000,0.000000,0.626221,0.626221,0.626221,0,0,0.000000,0.000000
52,565.000000,0.000000,0.601074,0.601074,0.601074,0,0,0.000000,0.000000
53,575.000000,0.000000,0.576904,0.576904,0.576904,0,0,0.000000,0.000000
54,585.000000,0.000000,0.553711,0.553711,0.553711,0,0,0.000000,0.000000
55,595.000000,0.449951,0.531494,0.531494,0.531494,0,0,0.449951,0.000000
56,605.000000,0.000000,0.959961,0.959961,0.959961,0,0,0.000000,0.000000
57,615.000000,0.000000,0.921387,0.921387,0.921387,0,0,0.000000,0.000000
58,625.000000,0.000000,0.884277,0.884277,0.884277,0,0,0.000000,0.000000
59,635.000000,-0.250000,0.848633,0.848633,0.848633,0,0,0.000000,0.250000
60,645.000000,0.449951,0.564453,0.564453,0.564453,0,0,0.449951,0.000000
61,655.000000,0.449951,0.991699,0.991699,0.991699,0,0,0.449951,0.000000
62,665.000000,0.000000,0.000000,0.000000,1.401855,1,1,0.000000,0.000000
63,675.000000,0.000000,0.000000,0.000000,0.000000,0,0,0.000000,0.000000
64,685.000000,0.000000,0.000000,0.000000,0.000000,0,0,0.000000,0.000000
65,695.000000,0.000000,0.000000,0.000000,0.000000,0,0,0.000000,0.000000
66,705.000000,0.000000,0.000000,0.000000,0.000000,0,0,0.000000,0.000000
67,715.000000,0.000000,0.000000,0.000000,0.000000,0,0,0.000000,0.000000
68,725.000000,0.449951,0.000000,0.000000,0.000000,0,0,0.449951,0.000000
69,735.000000,0.000000,0.449951,0.449951,0.449951,0,0,0.000000,0.000000
70,745.000000,0.000000,0.431885,0.431885,0.431885,0,0,0.000000,0.000000
71,755.000000,0.000000,0.414551,0.414551,0.414551,0,0,0.000000,0.000000
72,765.000000,0.000000,0.397949,0.397949,0.397949,0,0,0.000000,0.000000
73,775.000000,0.000000,0.381836,0.381836,0.381836,0,0,0.000000,0.000000
74,785.000000,0.000000,0.366455,0.366455,0.366455,0,0,0.000000,0.000000
75,795.000000,0.449951,0.351562,0.351562,0.351562,0,0,0.449951,0.000000
76,805.000000,0.000000,0.787354,0.787354,0.787354,0,0,0.000000,0.000000
77,815.000000,0.000000,0.755615,0.755615,0.755615,0,0,0.000000,0.000000
78,825.000000,0.000000,0.725342,0.725342,0.725342,0,0,0.000000,0.000000
79,835.000000,0.000000,0.696289,0.696289,0.696289,0,0,0.000000,0.000000
80,845.000000,0.000000,0.668213,0.668213,0.668213,0,0,0.000000,0.000000
81,855.000000,0.000000,0.641357,0.641357,0.641357,0,0,0.000000,0.000000
82,865.000000,0.000000,0.615479,0.615479,0.615479,0,0,0.000000,0.000000
83,875.000000,0.000000,0.590820,0.590820,0.590820,0,0,0.000000,0.000000
84,885.000000,0.000000,0.567139,0.567139,0.567139,0,0,0.000000,0.000000
85,895.000000,0.000000,0.544189,0.544189,0.544189,0,0,0.000000,0.000000
86,905.000000,0.000000,0.522217,0.522217,0.522217,0,0,0.000000,0.000000
87,915.000000,0.000000,0.501221,0.501221,0.501221,0,0,0.000000,0.000000
88,925.000000,0.000000,0.480957,0.480957,0.480957,0,0,0.000000,0.000000
89,935.000000,0.000000,0.461670,0.461670,0.461670,0,0,0.000000,0.000000
90,945.000000,0.000000,0.443115,0.443115,0.443115,0,0,0.000000,0.000000
91,955.000000,0.000000,0.425293,0.425293,0.425293,0,0,0.000000,0.000000
92,965.000000,0.000000,0.408203,0.408203,0.408203,0,0,0.000000,0.000000
93,975.000000,0.000000,0.391846,0.391846,0.391846,0,0,0.000000,0.000000
94,985.000000,0.000000,0.375977,0.375977,0.375977,0,0,0.000000,0.000000
95,995.000000,0.000000,0.360840,0.360840,0.360840,0,0,0.000000,0.000000
96,1005.000000,0.000000,0.346191,0.346191,0.346191,0,0,0.000000,0.000000
97,1015.000000,0.000000,0.332275,0.332275,0.332275,0,0,0.000000,0.000000
98,1025.000000,0.000000,0.318848,0.318848,0.318848,0,0,0.000000,0.000000
99,1035.000000,0.000000,0.305908,0.305908,0.305908,0,0,0.000000,0.000000
100,1045.000000,-0.250000,0.293457,0.293457,0.293457,0,0,0.000000,0.250000
101,1055.000000,0.449951,0.031494,0.031494,0.031494,0,0,0.449951,0.000000
102,1065.000000,0.449951,0.479980,0.479980,0.479980,0,0,0.449951,0.000000
103,1075.000000,0.000000,0.910645,0.910645,0.910645,0,0,0.000000,0.000000
104,1085.000000,0.000000,0.874023,0.874023,0.874023,0,0,0.000000,0.000000
105,1095.000000,0.000000,0.838867,0.838867,0.838867,0,0,0.000000,0.000000
106,1105.000000,0.000000,0.805176,0.805176,0.805176,0,0,0.000000,0.000000
107,1115.000000,0.000000,0.772705,0.772705,0.772705,0,0,0.000000,0.000000
108,1125.000000,0.000000,0.741699,0.741699,0.741699,0,0,0.000000,0.000000
109,1135.000000,0.000000,0.711914,0.711914,0.711914,0,0,0.000000,0.000000
110,1145.000000,0.000000,0.683350,0.683350,0.683350,0,0,0.000000,0.000000
111,1155.000000,0.000000,0.655762,0.655762,0.655762,0,0,0.000000,0.000000
112,1165.000000,0.000000,0.629395,0.629395,0.629395,0,0,0.000000,0.000000
113,1175.000000,0.000000,0.604004,0.604004,0.604004,0,0,0.000000,0.000000
114,1185.000000,0.000000,0.579590,0.579590,0.579590,0,0,0.000000,0.000000
115,1195.000000,0.000000,0.556152,0.556152,0.556152,0,0,0.000000,0.000000
116,1205.000000,0.000000,0.533691,0.533691,0.533691,0,0,0.000000,0.000000
117,1215.000000,0.000000,0.512207,0.512207,0.512207,0,0,0.000000,0.000000
118,1225.000000,0.000000,0.491455,0.491455,0.491455,0,0,0.000000,0.000000
119,1235.000000,0.000000,0.471680,0.471680,0.471680,0,0,0.000000,0.000000
120,1245.000000,0.000000,0.452637,0.452637,0.452637,0,0,0.000000,0.000000
121,1255.000000,0.449951,0.434326,0.434326,0.434326,0,0,0.449951,0.000000
122,1265.000000,0.000000,0.866699,0.866699,0.866699,0,0,0.000000,0.000000
123,1275.000000,0.000000,0.831787,0.831787,0.831787,0,0,0.000000,0.000000
124,1285.000000,0.000000,0.798340,0.798340,0.798340,0,0,0.000000,0.000000
125,1295.000000,0.000000,0.766357,0.766357,0.766357,0,0,0.000000,0.000000
126,1305.000000,0.000000,0.735596,0.735596,0.735596,0,0,0.000000,0.000000
127,1315.000000,0.000000,0.706055,0.706055,0.706055,0,0,0.000000,0.000000
128,1325.000000,0.000000,0.677734,0.677734,0.677734,0,0,0.000000,0.000000
129,1335.000000,0.000000,0.650391,0.650391,0.650391,0,0,0.000000,0.000000
130,1345.000000,0.000000,0.624268,0.624268,0.624268,0,0,0.000000,0.000000
131,1355.000000,-0.250000,0.599121,0.599121,0.599121,0,0,0.000000,0.250000
132,1365.000000,0.449951,0.324951,0.324951,0.324951,0,0,0.449951,0.000000
133,1375.000000,0.449951,0.761719,0.761719,0.761719,0,0,0.449951,0.000000
134,1385.000000,0.000000,0.000000,0.000000,1.181152,1,1,0.000000,0.000000
135,1395.000000,0.000000,0.000000,0.000000,0.000000,0,0,0.000000,0.000000
136,1405.000000,0.000000,0.000000,0.000000,0.000000,0,0,0.000000,0.000000
137,1415.000000,0.000000,0.000000,0.000000,0.000000,0,0,0.000000,0.000000
138,1425.000000,0.000000,0.000000,0.000000,0.000000,0,0,0.000000,0.000000
139,1435.000000,0.000000,0.000000,0.000000,0.000000,0,0,0.000000,0.000000
140,1445.000000,0.000000,0.000000,0.000000,0.000000,0,0,0.000000,0.000000
141,1455.000000,0.449951,0.000000,0.000000,0.000000,0,0,0.449951,0.000000
142,1465.000000,0.000000,0.449951,0.449951,0.449951,0,0,0.000000,0.000000
143,1475.000000,0.000000,0.431885,0.431885,0.431885,0,0,0.000000,0.000000
144,1485.000000,0.000000,0.414551,0.414551,0.414551,0,0,0.000000,0.000000
145,1495.000000,0.000000,0.397949,0.397949,0.397949,0,0,0.000000,0.000000
146,1505.000000,0.000000,0.381836,0.381836,0.381836,0,0,0.000000,0.000000
147,1515.000000,0.449951,0.366455,0.366455,0.366455,0,0,0.449951,0.000000
148,1525.000000,0.000000,0.801514,0.801514,0.801514,0,0,0.000000,0.000000
149,1535.000000,0.000000,0.769287,0.769287,0.769287,0,0,0.000000,0.000000
150,1545.000000,0.000000,0.738281,0.738281,0.738281,0,0,0.000000,0.000000
151,1555.000000,0.000000,0.708496,0.708496,0.708496,0,0,0.000000,0.000000
152,1565.000000,0.000000,0.679932,0.679932,0.679932,0,0,0.000000,0.000000
153,1575.000000,0.000000,0.652588,0.652588,0.652588,0,0,0.000000,0.000000
154,1585.000000,0.000000,0.626221,0.626221,0.626221,0,0,0.000000,0.000000
155,1595.000000,0.000000,0.601074,0.601074,0.601074,0,0,0.000000,0.000000
156,1605.000000,0.000000,0.576904,0.576904,0.576904,0,0,0.000000,0.000000
157,1615.000000,0.000000,0.553711,0.553711,0.553711,0,0,0.000000,0.000000
158,1625.000000,0.000000,0.531494,0.531494,0.531494,0,0,0.000000,0.000000
159,1635.000000,0.000000,0.510010,0.510010,0.510010,0,0,0.000000,0.000000
160,1645.000000,0.000000,0.489502,0.489502,0.489502,0,0,0.000000,0.000000
161,1655.000000,0.000000,0.469727,0.469727,0.469727,0,0,0.000000,0.000000
162,1665.000000,0.000000,0.450684,0.450684,0.450684,0,0,0.000000,0.000000
163,1675.000000,0.000000,0.432617,0.432617,0.432617,0,0,0.000000,0.000000
164,1685.000000,0.000000,0.415283,0.415283,0.415283,0,0,0.000000,0.000000
165,1695.000000,0.000000,0.398438,0.398438,0.398438,0,0,0.000000,0.000000
166,1705.000000,0.000000,0.382324,0.382324,0.382324,0,0,0.000000,0.000000
167,1715.000000,0.000000,0.366943,0.366943,0.366943,0,0,0.000000,0.000000
168,1725.000000,-0.250000,0.352051,0.352051,0.352051,0,0,0.000000,0.250000
169,1735.000000,0.449951,0.087891,0.087891,0.087891,0,0,0.449951,0.000000
170,1745.000000,0.449951,0.534180,0.534180,0.534180,0,0,0.449951,0.000000
171,1755.000000,0.000000,0.962646,0.962646,0.962646,0,0,0.000000,0.000000
172,1765.000000,0.000000,0.924072,0.924072,0.924072,0,0,0.000000,0.000000
173,1775.000000,0.000000,0.886963,0.886963,0.886963,0,0,0.000000,0.000000
174,1785.000000,0.000000,0.851318,0.851318,0.851318,0,0,0.000000,0.000000
175,1795.000000,0.000000,0.817139,0.817139,0.817139,0,0,0.000000,0.000000
176,1805.000000,0.000000,0.784180,0.784180,0.784180,0,0,0.000000,0.000000
177,1815.000000,0.000000,0.752686,0.752686,0.752686,0,0,0.000000,0.000000
178,1825.000000,0.000000,0.722412,0.722412,0.722412,0,0,0.000000,0.000000
179,1835.000000,0.000000,0.693359,0.693359,0.693359,0,0,0.000000,0.000000
180,1845.000000,0.000000,0.665527,0.665527,0.665527,0,0,0.000000,0.000000
181,1855.000000,0.000000,0.638672,0.638672,0.638672,0,0,0.000000,0.000000
182,1865.000000,0.000000,0.613037,0.613037,0.613037,0,0,0.000000,0.000000
183,1875.000000,0.000000,0.588379,0.588379,0.588379,0,0,0.000000,0.000000
184,1885.000000,0.000000,0.564697,0.564697,0.564697,0,0,0.000000,0.000000
185,1895.000000,0.000000,0.541992,0.541992,0.541992,0,0,0.000000,0.000000
186,1905.000000,0.000000,0.520264,0.520264,0.520264,0,0,0.000000,0.000000
187,1915.000000,0.000000,0.499268,0.499268,0.499268,0,0,0.000000,0.000000
188,1925.000000,0.000000,0.479248,0.479248,0.479248,0,0,0.000000,0.000000
189,1935.000000,0.000000,0.459961,0.459961,0.459961,0,0,0.000000,0.000000
190,1945.000000,0.000000,0.441406,0.441406,0.441406,0,0,0.000000,0.000000
191,1955.000000,0.000000,0.423584,0.423584,0.423584,0,0,0.000000,0.000000
192,1965.000000,0.000000,0.406494,0.406494,0.406494,0,0,0.000000,0.000000
193,1975.000000,0.000000,0.390137,0.390137,0.390137,0,0,0.000000,0.000000
194,1985.000000,0.000000,0.374512,0.374512,0.374512,0,0,0.000000,0.000000
195,1995.000000,0.000000,0.359375,0.359375,0.359375,0,0,0.000000,0.000000
196,2005.000000,0.000000,0.344971,0.344971,0.344971,0,0,0.000000,0.000000
197,2015.000000,0.000000,0.331055,0.331055,0.331055,0,0,0.000000,0.000000
198,2025.000000,0.000000,0.317627,0.317627,0.317627,0,0,0.000000,0.000000
199,2035.000000,0.000000,0.304688,0.304688,0.304688,0,0,0.000000,0.000000
200,2045.000000,0.000000,0.292480,0.292480,0.292480,0,0,0.000000,0.000000
201,2055.000000,0.000000,0.280762,0.280762,0.280762,0,0,0.000000,0.000000
202,2065.000000,0.000000,0.269287,0.269287,0.269287,0,0,0.000000,0.000000
203,2075.000000,0.000000,0.258301,0.258301,0.258301,0,0,0.000000,0.000000
204,2085.000000,-0.250000,0.247803,0.247803,0.247803,0,0,0.000000,0.250000
205,2095.000000,0.449951,-0.012207,-0.012207,-0.012207,0,0,0.449951,0.000000
206,2105.000000,0.449951,0.438232,0.438232,0.438232,0,0,0.449951,0.000000
207,2115.000000,0.000000,0.870605,0.870605,0.870605,0,0,0.000000,0.000000
208,2125.000000,0.000000,0.835693,0.835693,0.835693,0,0,0.000000,0.000000
209,2135.000000,0.000000,0.802002,0.802002,0.802002,0,0,0.000000,0.000000
210,2145.000000,0.000000,0.769775,0.769775,0.769775,0,0,0.000000,0.000000
211,2155.000000,0.000000,0.738770,0.738770,0.738770,0,0,0.000000,0.000000
212,2165.000000,0.000000,0.708984,0.708984,0.708984,0,0,0.000000,0.000000
213,2175.000000,0.000000,0.680420,0.680420,0.680420,0,0,0.000000,0.000000
214,2185.000000,0.000000,0.653076,0.653076,0.653076,0,0,0.000000,0.000000
215,2195.000000,0.449951,0.626709,0.626709,0.626709,0,0,0.449951,0.000000
216,2205.000000,0.000000,0.000000,0.000000,1.051514,1,1,0.000000,0.000000
217,2215.000000,0.000000,0.000000,0.000000,0.000000,0,0,0.000000,0.000000
218,2225.000000,0.000000,0.000000,0.000000,0.000000,0,0,0.000000,0.000000
219,2235.000000,0.000000,0.000000,0.000000,0.000000,0,0,0.000000,0.000000
220,2245.000000,0.000000,0.000000,0.000000,0.000000,0,0,0.000000,0.000000
221,2255.000000,0.000000,0.000000,0.000000,0.000000,0,0,0.000000,0.000000
222,2265.000000,-0.250000,0.000000,0.000000,0.000000,0,0,0.000000,0.250000
223,2275.000000,0.199951,-0.250000,-0.250000,-0.250000,0,0,0.449951,0.250000
224,2285.000000,0.449951,-0.040039,-0.040039,-0.040039,0,0,0.449951,0.000000
225,2295.000000,0.449951,0.411377,0.411377,0.411377,0,0,0.449951,0.000000
226,2305.000000,0.000000,0.844727,0.844727,0.844727,0,0,0.000000,0.000000
227,2315.000000,0.000000,0.810791,0.810791,0.810791,0,0,0.000000,0.000000
228,2325.000000,0.000000,0.778320,0.778320,0.778320,0,0,0.000000,0.000000
229,2335.000000,0.000000,0.747070,0.747070,0.747070,0,0,0.000000,0.000000
230,2345.000000,0.000000,0.717041,0.717041,0.717041,0,0,0.000000,0.000000
231,2355.000000,0.000000,0.688232,0.688232,0.688232,0,0,0.000000,0.000000
232,2365.000000,0.000000,0.660645,0.660645,0.660645,0,0,0.000000,0.000000
233,2375.000000,0.000000,0.634033,0.634033,0.634033,0,0,0.000000,0.000000
234,2385.000000,0.000000,0.608643,0.608643,0.608643,0,0,0.000000,0.000000
235,2395.000000,0.000000,0.584229,0.584229,0.584229,0,0,0.000000,0.000000
236,2405.000000,0.000000,0.560791,0.560791,0.560791,0,0,0.000000,0.000000
237,2415.000000,0.000000,0.538330,0.538330,0.538330,0,0,0.000000,0.000000
238,2425.000000,0.000000,0.516602,0.516602,0.516602,0,0,0.000000,0.000000
239,2435.000000,0.000000,0.495850,0.495850,0.495850,0,0,0.000000,0.000000
240,2445.000000,0.000000,0.475830,0.475830,0.475830,0,0,0.000000,0.000000
241,2455.000000,0.000000,0.456543,0.456543,0.456543,0,0,0.000000,0.000000
242,2465.000000,0.000000,0.438232,0.438232,0.438232,0,0,0.000000,0.000000
243,2475.000000,0.000000,0.420654,0.420654,0.420654,0,0,0.000000,0.000000
244,2485.000000,0.449951,0.403809,0.403809,0.403809,0,0,0.449951,0.000000
245,2495.000000,0.000000,0.837402,0.837402,0.837402,0,0,0.000000,0.000000
246,2505.000000,0.000000,0.803711,0.803711,0.803711,0,0,0.000000,0.000000
247,2515.000000,0.000000,0.771484,0.771484,0.771484,0,0,0.000000,0.000000
248,2525.000000,0.000000,0.740479,0.740479,0.740479,0,0,0.000000,0.000000
249,2535.000000,0.000000,0.710693,0.710693,0.710693,0,0,0.000000,0.000000
250,2545.000000,0.000000,0.682129,0.682129,0.682129,0,0,0.000000,0.000000
251,2555.000000,0.000000,0.654785,0.654785,0.654785,0,0,0.000000,0.000000
252,2565.000000,0.000000,0.628418,0.628418,0.628418,0,0,0.000000,0.000000
253,2575.000000,0.000000,0.603027,0.603027,0.603027,0,0,0.000000,0.000000
254,2585.000000,0.000000,0.578857,0.578857,0.578857,0,0,0.000000,0.000000
255,2595.000000,0.000000,0.555664,0.555664,0.555664,0,0,0.000000,0.000000
256,2605.000000,0.000000,0.533203,0.533203,0.533203,0,0,0.000000,0.000000
257,2615.000000,0.449951,0.511719,0.511719,0.511719,0,0,0.449951,0.000000
258,2625.000000,0.000000,0.941162,0.941162,0.941162,0,0,0.000000,0.000000
259,2635.000000,0.000000,0.903320,0.903320,0.903320,0,0,0.000000,0.000000
260,2645.000000,0.000000,0.866943,0.866943,0.866943,0,0,0.000000,0.000000
261,2655.000000,0.000000,0.832031,0.832031,0.832031,0,0,0.000000,0.000000
262,2665.000000,0.000000,0.798584,0.798584,0.798584,0,0,0.000000,0.000000
263,2675.000000,0.000000,0.766602,0.766602,0.766602,0,0,0.000000,0.000000
264,2685.000000,0.000000,0.735840,0.735840,0.735840,0,0,0.000000,0.000000
265,2695.000000,0.000000,0.706299,0.706299,0.706299,0,0,0.000000,0.000000
266,2705.000000,0.000000,0.677979,0.677979,0.677979,0,0,0.000000,0.000000
267,2715.000000,0.000000,0.650635,0.650635,0.650635,0,0,0.000000,0.000000
268,2725.000000,0.000000,0.624512,0.624512,0.624512,0,0,0.000000,0.000000
269,2735.000000,0.000000,0.599365,0.599365,0.599365,0,0,0.000000,0.000000
270,2745.000000,0.000000,0.575195,0.575195,0.575195,0,0,0.000000,0.000000
271,2755.000000,0.000000,0.552002,0.552002,0.552002,0,0,0.000000,0.000000
272,2765.000000,0.000000,0.529785,0.529785,0.529785,0,0,0.000000,0.000000
273,2775.000000,0.000000,0.508545,0.508545,0.508545,0,0,0.000000,0.000000
274,2785.000000,0.000000,0.488037,0.488037,0.488037,0,0,0.000000,0.000000
275,2795.000000,0.000000,0.468262,0.468262,0.468262,0,0,0.000000,0.000000
276,2805.000000,0.000000,0.449463,0.449463,0.449463,0,0,0.000000,0.000000
277,2815.000000,0.000000,0.431396,0.431396,0.431396,0,0,0.000000,0.000000
278,2825.000000,0.000000,0.414062,0.414062,0.414062,0,0,0.000000,0.000000
279,2835.000000,0.000000,0.397461,0.397461,0.397461,0,0,0.000000,0.000000
280,2845.000000,0.000000,0.381348,0.381348,0.381348,0,0,0.000000,0.000000
281,2855.000000,0.000000,0.365967,0.365967,0.365967,0,0,0.000000,0.000000
282,2865.000000,0.000000,0.351074,0.351074,0.351074,0,0,0.000000,0.000000
283,2875.000000,0.000000,0.336914,0.336914,0.336914,0,0,0.000000,0.000000
284,2885.000000,0.000000,0.323242,0.323242,0.323242,0,0,0.000000,0.000000
285,2895.000000,0.000000,0.310059,0.310059,0.310059,0,0,0.000000,0.000000
286,2905.000000,0.000000,0.297607,0.297607,0.297607,0,0,0.000000,0.000000
287,2915.000000,0.000000,0.285645,0.285645,0.285645,0,0,0.000000,0.000000
288,2925.000000,0.000000,0.274170,0.274170,0.274170,0,0,0.000000,0.000000
289,2935.000000,0.000000,0.263184,0.263184,0.263184,0,0,0.000000,0.000000
290,2945.000000,0.000000,0.252441,0.252441,0.252441,0,0,0.000000,0.000000
291,2955.000000,0.000000,0.242188,0.242188,0.242188,0,0,0.000000,0.000000
292,2965.000000,0.000000,0.232422,0.232422,0.232422,0,0,0.000000,0.000000
293,2975.000000,0.000000,0.222900,0.222900,0.222900,0,0,0.000000,0.000000
294,2985.000000,0.000000,0.213867,0.213867,0.213867,0,0,0.000000,0.000000
295,2995.000000,0.000000,0.205078,0.205078,0.205078,0,0,0.000000,0.000000
296,3005.000000,0.000000,0.196777,0.196777,0.196777,0,0,0.000000,0.000000
297,3015.000000,0.000000,0.188721,0.188721,0.188721,0,0,0.000000,0.000000
298,3025.000000,0.000000,0.181152,0.181152,0.181152,0,0,0.000000,0.000000
299,3035.000000,0.000000,0.173828,0.173828,0.173828,0,0,0.000000,0.000000
300,3045.000000,-0.250000,0.166748,0.166748,0.166748,0,0,0.000000,0.250000
301,3055.000000,0.199951,-0.090088,-0.090088,-0.090088,0,0,0.449951,0.250000
302,3065.000000,0.449951,0.113281,0.113281,0.113281,0,0,0.449951,0.000000
303,3075.000000,0.449951,0.558594,0.558594,0.558594,0,0,0.449951,0.000000
304,3085.000000,0.000000,0.986084,0.986084,0.986084,0,0,0.000000,0.000000
305,3095.000000,0.000000,0.946533,0.946533,0.946533,0,0,0.000000,0.000000
306,3105.000000,0.000000,0.908447,0.908447,0.908447,0,0,0.000000,0.000000
307,3115.000000,0.000000,0.872070,0.872070,0.872070,0,0,0.000000,0.000000
308,3125.000000,0.000000,0.836914,0.836914,0.836914,0,0,0.000000,0.000000
309,3135.000000,0.000000,0.803223,0.803223,0.803223,0,0,0.000000,0.000000
310,3145.000000,0.000000,0.770996,0.770996,0.770996,0,0,0.000000,0.000000
311,3155.000000,-0.250000,0.739990,0.739990,0.739990,0,0,0.000000,0.250000
312,3165.000000,0.449951,0.460205,0.460205,0.460205,0,0,0.449951,0.000000
313,3175.000000,0.449951,0.891602,0.891602,0.891602,0,0,0.449951,0.000000
314,3185.000000,0.000000,0.000000,0.000000,1.305664,1,1,0.000000,0.000000
315,3195.000000,0.000000,0.000000,0.000000,0.000000,0,0,0.000000,0.000000
316,3205.000000,0.000000,0.000000,0.000000,0.000000,0,0,0.000000,0.000000
317,3215.000000,0.000000,0.000000,0.000000,0.000000,0,0,0.000000,0.000000
318,3225.000000,0.000000,0.000000,0.000000,0.000000,0,0,0.000000,0.000000
319,3235.000000,0.000000,0.000000,0.000000,0.000000,0,0,0.000000,0.000000
320,3245.000000,0.000000,0.000000,0.000000,0.000000,0,0,0.000000,0.000000
321,3255.000000,0.000000,0.000000,0.000000,0.000000,0,0,0.000000,0.000000
322,3265.000000,0.000000,0.000000,0.000000,0.000000,0,0,0.000000,0.000000
323,3275.000000,0.000000,0.000000,0.000000,0.000000,0,0,0.000000,0.000000
324,3285.000000,0.000000,0.000000,0.000000,0.000000,0,0,0.000000,0.000000
325,3295.000000,0.000000,0.000000,0.000000,0.000000,0,0,0.000000,0.000000
326,3305.000000,0.000000,0.000000,0.000000,0.000000,0,0,0.000000,0.000000
327,3315.000000,0.000000,0.000000,0.000000,0.000000,0,0,0.000000,0.000000
328,3325.000000,0.000000,0.000000,0.000000,0.000000,0,0,0.000000,0.000000
329,3335.000000,0.000000,0.000000,0.000000,0.000000,0,0,0.000000,0.000000
330,3345.000000,0.000000,0.000000,0.000000,0.000000,0,0,0.000000,0.000000
331,3355.000000,0.000000,0.000000,0.000000,0.000000,0,0,0.000000,0.000000
332,3365.000000,0.000000,0.000000,0.000000,0.000000,0,0,0.000000,0.000000
333,3375.000000,0.000000,0.000000,0.000000,0.000000,0,0,0.000000,0.000000
334,3385.000000,0.000000,0.000000,0.000000,0.000000,0,0,0.000000,0.000000
335,3395.000000,-0.250000,0.000000,0.000000,0.000000,0,0,0.000000,0.250000
336,3405.000000,0.199951,-0.250000,-0.250000,-0.250000,0,0,0.449951,0.250000
337,3415.000000,0.199951,-0.040039,-0.040039,-0.040039,0,0,0.449951,0.250000
338,3425.000000,0.449951,0.161377,0.161377,0.161377,0,0,0.449951,0.000000
339,3435.000000,0.449951,0.604736,0.604736,0.604736,0,0,0.449951,0.000000
340,3445.000000,0.000000,0.000000,0.000000,1.030273,1,1,0.000000,0.000000
341,3455.000000,0.000000,0.000000,0.000000,0.000000,0,0,0.000000,0.000000
342,3465.000000,0.000000,0.000000,0.000000,0.000000,0,0,0.000000,0.000000
343,3475.000000,0.000000,0.000000,0.000000,0.000000,0,0,0.000000,0.000000
344,3485.000000,0.000000,0.000000,0.000000,0.000000,0,0,0.000000,0.000000
345,3495.000000,0.000000,0.000000,0.000000,0.000000,0,0,0.000000,0.000000
346,3505.000000,0.000000,0.000000,0.000000,0.000000,0,0,0.000000,0.000000
347,3515.000000,0.000000,0.000000,0.000000,0.000000,0,0,0.000000,0.000000
348,3525.000000,0.000000,0.000000,0.000000,0.000000,0,0,0.000000,0.000000
349,3535.000000,0.000000,0.000000,0.000000,0.000000,0,0,0.000000,0.000000
350,3545.000000,0.000000,0.000000,0.000000,0.000000,0,0,0.000000,0.000000
351,3555.000000,0.000000,0.000000,0.000000,0.000000,0,0,0.000000,0.000000
352,3565.000000,0.000000,0.000000,0.000000,0.000000,0,0,0.000000,0.000000
353,3575.000000,0.000000,0.000000,0.000000,0.000000,0,0,0.000000,0.000000
354,3585.000000,0.000000,0.000000,0.000000,0.000000,0,0,0.000000,0.000000
355,3595.000000,0.000000,0.000000,0.000000,0.000000,0,0,0.000000,0.000000
356,3605.000000,0.000000,0.000000,0.000000,0.000000,0,0,0.000000,0.000000
357,3615.000000,0.000000,0.000000,0.000000,0.000000,0,0,0.000000,0.000000
358,3625.000000,0.000000,0.000000,0.000000,0.000000,0,0,0.000000,0.000000
359,3635.000000,0.000000,0.000000,0.000000,0.000000,0,0,0.000000,0.000000
360,3645.000000,0.000000,0.000000,0.000000,0.000000,0,0,0.000000,0.000000
361,3655.000000,0.000000,0.000000,0.000000,0.000000,0,0,0.000000,0.000000
362,3665.000000,0.000000,0.000000,0.000000,0.000000,0,0,0.000000,0.000000
363,3675.000000,0.000000,0.000000,0.000000,0.000000,0,0,0.000000,0.000000
364,3685.000000,0.000000,0.000000,0.000000,0.000000,0,0,0.000000,0.000000
365,3695.000000,0.000000,0.000000,0.000000,0.000000,0,0,0.000000,0.000000
366,3705.000000,0.000000,0.000000,0.000000,0.000000,0,0,0.000000,0.000000
367,3715.000000,0.000000,0.000000,0.000000,0.000000,0,0,0.000000,0.000000
368,3725.000000,0.000000,0.000000,0.000000,0.000000,0,0,0.000000,0.000000
369,3735.000000,0.000000,0.000000,0.000000,0.000000,0,0,0.000000,0.000000
370,3745.000000,0.000000,0.000000,0.000000,0.000000,0,0,0.000000,0.000000
371,3755.000000,0.000000,0.000000,0.000000,0.000000,0,0,0.000000,0.000000
372,3765.000000,0.000000,0.000000,0.000000,0.000000,0,0,0.000000,0.000000
373,3775.000000,0.000000,0.000000,0.000000,0.000000,0,0,0.000000,0.000000
374,3785.000000,0.000000,0.000000,0.000000,0.000000,0,0,0.000000,0.000000
375,3795.000000,0.000000,0.000000,0.000000,0.000000,0,0,0.000000,0.000000
376,3805.000000,0.000000,0.000000,0.000000,0.000000,0,0,0.000000,0.000000
377,3815.000000,0.000000,0.000000,0.000000,0.000000,0,0,0.000000,0.000000
378,3825.000000,0.000000,0.000000,0.000000,0.000000,0,0,0.000000,0.000000
379,3835.000000,0.000000,0.000000,0.000000,0.000000,0,0,0.000000,0.000000
380,3845.000000,0.000000,0.000000,0.000000,0.000000,0,0,0.000000,0.000000
381,3855.000000,0.000000,0.000000,0.000000,0.000000,0,0,0.000000,0.000000
382,3865.000000,0.000000,0.000000,0.000000,0.000000,0,0,0.000000,0.000000
383,3875.000000,0.000000,0.000000,0.000000,0.000000,0,0,0.000000,0.000000
384,3885.000000,0.000000,0.000000,0.000000,0.000000,0,0,0.000000,0.000000
385,3895.000000,0.000000,0.000000,0.000000,0.000000,0,0,0.000000,0.000000
386,3905.000000,0.000000,0.000000,0.000000,0.000000,0,0,0.000000,0.000000
387,3915.000000,0.000000,0.000000,0.000000,0.000000,0,0,0.000000,0.000000
388,3925.000000,0.000000,0.000000,0.000000,0.000000,0,0,0.000000,0.000000
389,3935.000000,0.000000,0.000000,0.000000,0.000000,0,0,0.000000,0.000000
390,3945.000000,0.000000,0.000000,0.000000,0.000000,0,0,0.000000,0.000000
391,3955.000000,0.000000,0.000000,0.000000,0.000000,0,0,0.000000,0.000000
392,3965.000000,0.000000,0.000000,0.000000,0.000000,0,0,0.000000,0.000000
393,3975.000000,0.000000,0.000000,0.000000,0.000000,0,0,0.000000,0.000000
394,3985.000000,0.000000,0.000000,0.000000,0.000000,0,0,0.000000,0.000000
395,3995.000000,0.000000,0.000000,0.000000,0.000000,0,0,0.000000,0.000000
396,4005.000000,0.000000,0.000000,0.000000,0.000000,0,0,0.000000,0.000000
397,4015.000000,0.000000,0.000000,0.000000,0.000000,0,0,0.000000,0.000000
398,4025.000000,0.000000,0.000000,0.000000,0.000000,0,0,0.000000,0.000000
399,4035.000000,0.000000,0.000000,0.000000,0.000000,0,0,0.000000,0.000000
400,4045.000000,0.000000,0.000000,0.000000,0.000000,0,0,0.000000,0.000000
401,4055.000000,0.000000,0.000000,0.000000,0.000000,0,0,0.000000,0.000000
402,4065.000000,-0.250000,0.000000,0.000000,0.000000,0,0,0.000000,0.250000
403,4075.000000,0.199951,-0.250000,-0.250000,-0.250000,0,0,0.449951,0.250000
404,4085.000000,0.449951,-0.040039,-0.040039,-0.040039,0,0,0.449951,0.000000
405,4095.000000,0.449951,0.411377,0.411377,0.411377,0,0,0.449951,0.000000
406,4105.000000,0.000000,0.844727,0.844727,0.844727,0,0,0.000000,0.000000
407,4115.000000,0.000000,0.810791,0.810791,0.810791,0,0,0.000000,0.000000
408,4125.000000,0.000000,0.778320,0.778320,0.778320,0,0,0.000000,0.000000
409,4135.000000,0.000000,0.747070,0.747070,0.747070,0,0,0.000000,0.000000
410,4145.000000,0.000000,0.717041,0.717041,0.717041,0,0,0.000000,0.000000
411,4155.000000,0.000000,0.688232,0.688232,0.688232,0,0,0.000000,0.000000
412,4165.000000,0.000000,0.660645,0.660645,0.660645,0,0,0.000000,0.000000
413,4175.000000,0.000000,0.634033,0.634033,0.634033,0,0,0.000000,0.000000
414,4185.000000,0.000000,0.608643,0.608643,0.608643,0,0,0.000000,0.000000
415,4195.000000,0.000000,0.584229,0.584229,0.584229,0,0,0.000000,0.000000
416,4205.000000,0.000000,0.560791,0.560791,0.560791,0,0,0.000000,0.000000
417,4215.000000,0.000000,0.538330,0.538330,0.538330,0,0,0.000000,0.000000
418,4225.000000,0.000000,0.516602,0.516602,0.516602,0,0,0.000000,0.000000
419,4235.000000,0.000000,0.495850,0.495850,0.495850,0,0,0.000000,0.000000
420,4245.000000,0.000000,0.475830,0.475830,0.475830,0,0,0.000000,0.000000
421,4255.000000,0.000000,0.456543,0.456543,0.456543,0,0,0.000000,0.000000
422,4265.000000,0.000000,0.438232,0.438232,0.438232,0,0,0.000000,0.000000
423,4275.000000,0.000000,0.420654,0.420654,0.420654,0,0,0.000000,0.000000
424,4285.000000,0.000000,0.403809,0.403809,0.403809,0,0,0.000000,0.000000
425,4295.000000,0.000000,0.387451,0.387451,0.387451,0,0,0.000000,0.000000
426,4305.000000,0.000000,0.371826,0.371826,0.371826,0,0,0.000000,0.000000
427,4315.000000,0.000000,0.356934,0.356934,0.356934,0,0,0.000000,0.000000
428,4325.000000,0.000000,0.342529,0.342529,0.342529,0,0,0.000000,0.000000
429,4335.000000,0.000000,0.328613,0.328613,0.328613,0,0,0.000000,0.000000
430,4345.000000,0.000000,0.315430,0.315430,0.315430,0,0,0.000000,0.000000
431,4355.000000,0.000000,0.302734,0.302734,0.302734,0,0,0.000000,0.000000
432,4365.000000,0.000000,0.290527,0.290527,0.290527,0,0,0.000000,0.000000
433,4375.000000,0.000000,0.278809,0.278809,0.278809,0,0,0.000000,0.000000
434,4385.000000,0.000000,0.267578,0.267578,0.267578,0,0,0.000000,0.000000
435,4395.000000,0.000000,0.256836,0.256836,0.256836,0,0,0.000000,0.000000
436,4405.000000,0.000000,0.246338,0.246338,0.246338,0,0,0.000000,0.000000
437,4415.000000,0.000000,0.236328,0.236328,0.236328,0,0,0.000000,0.000000
438,4425.000000,0.000000,0.226807,0.226807,0.226807,0,0,0.000000,0.000000
439,4435.000000,0.000000,0.217529,0.217529,0.217529,0,0,0.000000,0.000000
440,4445.000000,0.000000,0.208740,0.208740,0.208740,0,0,0.000000,0.000000
441,4455.000000,0.000000,0.200195,0.200195,0.200195,0,0,0.000000,0.000000
442,4465.000000,0.000000,0.192139,0.192139,0.192139,0,0,0.000000,0.000000
443,4475.000000,0.000000,0.184326,0.184326,0.184326,0,0,0.000000,0.000000
444,4485.000000,0.000000,0.176758,0.176758,0.176758,0,0,0.000000,0.000000
445,4495.000000,0.000000,0.169678,0.169678,0.169678,0,0,0.000000,0.000000
446,4505.000000,-0.250000,0.162842,0.162842,0.162842,0,0,0.000000,0.250000
447,4515.000000,0.199951,-0.093750,-0.093750,-0.093750,0,0,0.449951,0.250000
448,4525.000000,0.449951,0.109863,0.109863,0.109863,0,0,0.449951,0.000000
449,4535.000000,0.449951,0.555176,0.555176,0.555176,0,0,0.449951,0.000000
450,4545.000000,0.000000,0.982666,0.982666,0.982666,0,0,0.000000,0.000000
451,4555.000000,0.000000,0.943115,0.943115,0.943115,0,0,0.000000,0.000000
452,4565.000000,0.000000,0.905273,0.905273,0.905273,0,0,0.000000,0.000000
453,4575.000000,0.000000,0.868896,0.868896,0.868896,0,0,0.000000,0.000000
454,4585.000000,0.000000,0.833984,0.833984,0.833984,0,0,0.000000,0.000000
455,4595.000000,0.000000,0.800537,0.800537,0.800537,0,0,0.000000,0.000000
456,4605.000000,0.000000,0.768311,0.768311,0.768311,0,0,0.000000,0.000000
457,4615.000000,0.000000,0.737305,0.737305,0.737305,0,0,0.000000,0.000000
458,4625.000000,0.000000,0.707764,0.707764,0.707764,0,0,0.000000,0.000000
459,4635.000000,0.000000,0.679199,0.679199,0.679199,0,0,0.000000,0.000000
460,4645.000000,0.000000,0.651855,0.651855,0.651855,0,0,0.000000,0.000000
461,4655.000000,0.000000,0.625732,0.625732,0.625732,0,0,0.000000,0.000000
462,4665.000000,0.000000,0.600586,0.600586,0.600586,0,0,0.000000,0.000000
463,4675.000000,0.000000,0.576416,0.576416,0.576416,0,0,0.000000,0.000000
464,4685.000000,0.000000,0.553223,0.553223,0.553223,0,0,0.000000,0.000000
465,4695.000000,0.000000,0.531006,0.531006,0.531006,0,0,0.000000,0.000000
466,4705.000000,0.000000,0.509521,0.509521,0.509521,0,0,0.000000,0.000000
467,4715.000000,-0.250000,0.489014,0.489014,0.489014,0,0,0.000000,0.250000
468,4725.000000,0.449951,0.219238,0.219238,0.219238,0,0,0.449951,0.000000
469,4735.000000,0.449951,0.660400,0.660400,0.660400,0,0,0.449951,0.000000
470,4745.000000,0.000000,0.000000,0.000000,1.083740,1,1,0.000000,0.000000
471,4755.000000,0.000000,0.000000,0.000000,0.000000,0,0,0.000000,0.000000
472,4765.000000,0.000000,0.000000,0.000000,0.000000,0,0,0.000000,0.000000
473,4775.000000,0.000000,0.000000,0.000000,0.000000,0,0,0.000000,0.000000
474,4785.000000,0.000000,0.000000,0.000000,0.000000,0,0,0.000000,0.000000
475,4795.000000,0.000000,0.000000,0.000000,0.000000,0,0,0.000000,0.000000
476,4805.000000,0.449951,0.000000,0.000000,0.000000,0,0,0.449951,0.000000
477,4815.000000,0.000000,0.449951,0.449951,0.449951,0,0,0.000000,0.000000
478,4825.000000,0.000000,0.431885,0.431885,0.431885,0,0,0.000000,0.000000
479,4835.000000,0.000000,0.414551,0.414551,0.414551,0,0,0.000000,0.000000
480,4845.000000,0.449951,0.397949,0.397949,0.397949,0,0,0.449951,0.000000
481,4855.000000,0.000000,0.831787,0.831787,0.831787,0,0,0.000000,0.000000
482,4865.000000,0.000000,0.798340,0.798340,0.798340,0,0,0.000000,0.000000
483,4875.000000,0.000000,0.766357,0.766357,0.766357,0,0,0.000000,0.000000
484,4885.000000,0.000000,0.735596,0.735596,0.735596,0,0,0.000000,0.000000
485,4895.000000,0.000000,0.706055,0.706055,0.706055,0,0,0.000000,0.000000
486,4905.000000,0.000000,0.677734,0.677734,0.677734,0,0,0.000000,0.000000
487,4915.000000,0.000000,0.650391,0.650391,0.650391,0,0,0.000000,0.000000
488,4925.000000,0.000000,0.624268,0.624268,0.624268,0,0,0.000000,0.000000
489,4935.000000,0.000000,0.599121,0.599121,0.599121,0,0,0.000000,0.000000
490,4945.000000,0.000000,0.574951,0.574951,0.574951,0,0,0.000000,0.000000
491,4955.000000,0.000000,0.551758,0.551758,0.551758,0,0,0.000000,0.000000
492,4965.000000,0.000000,0.529541,0.529541,0.529541,0,0,0.000000,0.000000
493,4975.000000,0.000000,0.508301,0.508301,0.508301,0,0,0.000000,0.000000
494,4985.000000,0.000000,0.487793,0.487793,0.487793,0,0,0.000000,0.000000
495,4995.000000,0.000000,0.468262,0.468262,0.468262,0,0,0.000000,0.000000
496,5005.000000,0.000000,0.449463,0.449463,0.449463,0,0,0.000000,0.000000
497,5015.000000,0.000000,0.431396,0.431396,0.431396,0,0,0.000000,0.000000
498,5025.000000,0.000000,0.414062,0.414062,0.414062,0,0,0.000000,0.000000
499,5035.000000,0.000000,0.397461,0.397461,0.397461,0,0,0.000000,0.000000
